,Owner,Buyer,Cost,Report,Time,No_Of_Pages
0,Preeti,Kirsten,192,77724,2017-03-06 16:53:27.610890,69
1,Himanshu,Raymond,141,4750,2018-08-12 07:18:35.023929,235
2,Yash,Bertha,141,81251,2018-07-02 19:23:04.249168,179
3,Aditya,Shad,160,31453,2016-09-07 05:59:06.455513,187
4,Aditya,Hollee,176,25449,2018-12-27 10:40:08.466526,65
5,Satyajeet,Piper,145,99814,2015-06-10 15:05:17.543301,143
6,Kumar,Marah,242,53157,2016-02-06 05:04:28.566460,207
7,Yash,Karina,145,56020,2018-01-30 01:13:30.856756,268
8,Preeti,Merritt,214,63838,2017-08-04 08:17:34.378254,223
9,Shardul,Hakeem,154,19704,2016-02-27 01:12:52.345913,263
10,Chetan,Allen,120,76251,2016-03-12 16:39:05.518221,238
11,Shardul,Burton,234,21176,2017-11-10 06:15:38.310639,135
12,Pradnyot,Sage,228,80928,2017-02-27 21:55:43.913423,330
13,Yash,Emma,212,9831,2016-05-28 18:25:07.267061,343
14,Aditya,Sydney,180,16499,2017-02-14 09:21:07.174113,57
15,Preeti,Colby,242,89069,2017-05-12 06:27:51.765291,325
16,Aditya,Uma,145,82060,2017-09-03 18:18:10.133622,284
17,Satyajeet,Clarke,230,5818,2019-05-21 14:23:59.497036,215
18,Kumar,Delilah,159,62770,2017-03-15 17:21:06.964499,311
19,Yash,Zephania,210,42943,2018-03-26 03:02:43.307573,212
20,Pradnyot,Quon,190,79456,2019-01-21 11:37:58.987911,156
21,Abhishek,Donovan,109,25044,2019-02-01 02:25:40.001619,301
22,Shardul,Daniel,154,19704,2017-10-10 05:23:36.125048,171
23,Aditya,Dolan,115,19444,2019-03-30 22:10:59.094370,145
24,Chetan,Upton,235,28590,2017-04-18 03:42:52.634998,316
25,Himanshu_S,Summer,164,14767,2016-06-18 02:02:09.236107,311
26,Abhishek,Fritz,112,61361,2015-06-26 10:06:15.550156,315
27,Aditya,Althea,182,51280,2018-01-10 21:40:12.062663,60
28,Chetan,Denton,241,39935,2019-07-24 17:51:23.500767,97
29,Chetan,Ivy,107,28185,2016-03-08 15:08:07.840465,167
30,Pradnyot,Serina,200,97614,2017-10-26 07:51:46.186413,150
31,Satyajeet,Abel,230,31194,2015-05-10 23:11:04.007071,80
32,Himanshu_S,Vivien,178,79924,2019-01-17 12:08:23.904827,165
33,Yash,Shana,189,55356,2019-12-12 01:30:54.457789,334
34,Pradnyot,Kennedy,237,29658,2019-11-26 22:00:52.227265,282
35,Aditya,Quin,176,25449,2017-01-07 01:46:01.267923,169
36,Pradnyot,Sopoline,242,48480,2017-07-23 19:32:00.011535,127
37,Shardul,Abdul,131,33994,2018-01-14 18:42:08.967399,173
38,Himanshu,Kyra,234,24381,2018-03-13 13:45:20.603415,77
39,Chetan,Idona,196,2955,2016-05-09 15:21:06.292115,172
40,Kumar,Tad,241,33930,2016-09-10 17:26:55.491576,143
41,Chetan,Hashim,191,88001,2018-09-13 19:46:55.247843,119
42,Aditya,Danielle,189,92741,2018-01-29 09:19:46.901447,350
43,Chetan,Kane,184,86269,2017-07-10 21:27:26.664377,338
44,Shardul,Alisa,227,79633,2016-05-23 06:52:05.817509,53
45,Preeti,Aaron,223,81187,2015-11-11 19:33:03.916639,167
46,Himanshu,Justina,112,94473,2017-11-07 13:43:50.125436,217
47,Preeti,Griffin,241,81592,2019-05-23 15:39:36.508890,83
48,Aditya,Devin,188,12568,2016-12-16 21:15:38.843204,224
49,Abhishek,Adele,112,61361,2019-03-08 17:47:28.656892,91
50,Yash,Britanni,177,11563,2017-07-29 22:12:29.190615,161
51,Pradnyot,Palmer,234,73047,2016-04-21 02:23:50.630120,276
52,Kumar,Jermaine,133,48884,2019-01-20 08:19:31.039562,61
53,Shardul,Leo,115,9427,2019-01-17 06:24:51.460066,195
54,Abhishek,Nathan,109,25044,2019-01-06 05:29:02.807345,328
55,Yash,Damon,212,9831,2015-04-04 17:07:41.714070,74
56,Satyajeet,Melodie,205,76978,2018-05-01 16:28:54.172107,143
57,Aditya,Germane,220,76656,2019-09-30 15:47:14.271713,144
58,Satyajeet,Melyssa,123,48948,2016-07-11 02:42:52.226214,263
59,Pradnyot,Gabriel,235,43139,2016-07-14 14:29:55.181464,164
60,Yash,Sybil,132,98341,2019-02-07 13:08:33.444472,147
61,Chetan,Christopher,180,94409,2019-06-26 08:01:45.778229,194
62,Yash,Kyle,118,91673,2019-09-13 15:38:21.695158,208
63,Yash,Hop,145,56020,2015-08-27 14:32:51.359361,90
64,Himanshu,Hedy,129,66701,2017-05-01 00:00:28.582837,138
65,Neha ,Yoshio,239,37798,2019-11-30 11:13:39.830664,135
66,Pradnyot,Orlando,122,73451,2017-01-12 14:10:22.028691,266
67,Aditya,Iris,107,10899,2016-11-29 16:32:57.967174,247
68,Shardul,Lois,154,19704,2015-08-02 12:05:44.545770,98
69,Abhishek,Rosalyn,177,70974,2016-04-30 12:00:10.986370,136
70,Kumar,Zelda,113,56361,2019-08-06 13:00:57.641774,164
71,Chetan,Amir,160,65974,2019-07-08 20:47:48.732212,130
72,Yash,Aurelia,216,91932,2018-02-16 13:38:51.610322,348
73,Satyajeet,Maryam,152,93809,2017-04-09 21:55:04.058785,322
74,Himanshu_S,Irene,143,40403,2017-03-20 06:55:20.429080,318
75,Himanshu,Ciara,157,86591,2019-12-26 04:12:36.651768,233
76,Neha ,Cameron,229,94814,2017-01-02 19:49:01.619212,76
77,Chetan,Price,180,94409,2015-03-08 15:41:14.918697,297
78,Kumar,Austin,241,33930,2019-10-07 13:57:06.500697,270
79,Himanshu_S,Reuben,177,98082,2017-10-01 08:15:29.558368,316
80,Kumar,Flavia,200,8295,2018-12-20 03:33:59.718909,69
81,Himanshu_S,Nash,181,45080,2015-06-19 07:02:33.707515,106
82,Preeti,Jared,133,74519,2017-04-24 11:36:21.880086,200
83,Pradnyot,Bruno,186,83728,2017-09-08 06:50:30.531672,290
84,Kumar,Stuart,215,45680,2015-01-06 02:52:23.650146,238
85,Chetan,Dahlia,223,9363,2019-11-30 09:14:25.251968,230
86,Pradnyot,Xena,103,45939,2016-08-17 02:39:00.872029,234
87,Himanshu,Signe,224,80992,2017-04-11 14:18:58.151065,228
88,Chetan,Scarlet,223,9363,2015-02-03 21:04:43.027729,269
89,Neha ,Mara,122,42475,2016-10-02 22:06:43.658540,291
90,Himanshu,Colin,198,81655,2015-11-15 20:48:59.158151,178
91,Yash,Elton,150,46148,2016-09-23 00:05:21.013878,61
92,Satyajeet,Ori,230,5818,2017-09-01 07:40:21.180322,170
93,Pradnyot,Lenore,137,95882,2016-04-02 16:25:53.760991,215
94,Preeti,Colt,100,36067,2019-04-03 02:16:43.103755,70
95,Himanshu_S,Autumn,108,44012,2019-11-21 14:59:47.597447,175
96,Abhishek,William,174,16240,2019-05-10 05:41:30.920734,253
97,Preeti,Joshua,242,89069,2015-01-22 02:29:33.197718,110
98,Neha ,Zane,105,85864,2018-03-29 12:01:36.302102,100
99,Chetan,Vaughan,238,98018,2019-07-08 15:05:27.471655,150
100,Shardul,Kirsten,226,67770,2016-12-16 23:41:48.375579,335
101,Abhishek,Raymond,104,84196,2019-04-22 13:50:16.351623,80
102,Pradnyot,Bertha,216,1886,2015-12-03 09:55:32.725162,129
103,Pradnyot,Shad,133,6823,2016-03-12 10:12:27.145570,316
104,Abhishek,Hollee,127,25853,2019-01-02 10:41:53.498970,94
105,Abhishek,Piper,138,7290,2018-09-18 22:24:35.866961,224
106,Kumar,Marah,127,92937,2018-10-18 23:11:28.537242,53
107,Kumar,Karina,215,45680,2016-09-18 09:26:44.223257,84
108,Abhishek,Merritt,177,70974,2019-01-01 18:35:11.392210,114
109,Himanshu,Hakeem,233,30126,2016-07-05 01:46:53.036340,97
110,Himanshu,Allen,142,93000,2015-04-03 15:04:05.426408,109
111,Pradnyot,Burton,133,6823,2019-10-19 06:32:43.962014,267
112,Yash,Sage,132,98341,2016-05-15 14:56:14.427692,301
113,Preeti,Emma,242,89069,2015-07-27 13:00:44.578748,82
114,Kumar,Sydney,224,43544,2015-03-23 17:14:00.168376,94
115,Pradnyot,Colby,216,1886,2019-04-01 11:47:45.713629,278
116,Kumar,Uma,200,46343,2015-07-16 12:54:18.007239,324
117,Kumar,Clarke,190,37135,2019-09-07 22:54:56.018885,116
118,Preeti,Delilah,100,36067,2015-11-18 05:08:52.248741,274
119,Aditya,Zephania,119,52152,2018-08-06 21:31:57.085818,299
120,Chetan,Quon,107,28185,2016-11-30 17:23:14.258209,250
121,Yash,Donovan,186,97273,2016-04-27 03:19:09.839484,342
122,Himanshu,Daniel,200,70310,2016-08-09 22:07:25.491083,258
123,Himanshu_S,Dolan,181,45080,2017-04-12 02:24:28.419314,170
124,Aditya,Upton,232,26517,2019-02-08 21:30:34.241453,93
125,Pradnyot,Summer,164,12163,2018-01-15 20:26:03.416892,79
126,Preeti,Fritz,232,88405,2017-08-14 03:31:19.327495,207
127,Satyajeet,Althea,186,86996,2019-05-12 06:01:59.666072,82
128,Pradnyot,Denton,151,83065,2017-08-01 17:12:29.424234,150
129,Satyajeet,Ivy,186,86996,2015-05-12 07:33:58.104619,233
130,Satyajeet,Serina,119,23312,2019-05-31 03:38:51.630396,310
131,Satyajeet,Abel,212,29721,2017-02-16 16:21:04.053132,306
132,Neha ,Vivien,101,61961,2015-10-18 14:49:28.621951,89
133,Satyajeet,Shana,142,17567,2015-08-29 14:33:03.453689,272
134,Yash,Kennedy,135,74178,2017-03-03 06:57:47.279361,329
135,Preeti,Quin,192,77724,2016-03-14 13:57:58.701001,183
136,Himanshu,Sopoline,184,35726,2018-02-09 15:46:53.104238,229
137,Pradnyot,Abdul,199,55957,2016-11-19 11:07:47.667026,279
138,Pradnyot,Kyra,190,79456,2018-02-12 17:23:21.911405,245
139,Himanshu_S,Idona,132,95541,2015-12-19 01:10:33.380766,171
140,Shardul,Tad,218,35466,2019-03-08 07:10:29.530009,251
141,Shardul,Hashim,237,21954,2019-02-16 04:10:28.723402,82
142,Himanshu,Danielle,154,37862,2018-11-14 13:43:56.576100,139
143,Preeti,Kane,189,43803,2019-10-27 19:14:54.292185,54
144,Satyajeet,Alisa,205,76978,2015-01-30 14:15:06.464081,167
145,Satyajeet,Aaron,184,44271,2015-12-20 22:59:32.814404,79
146,Yash,Justina,180,5559,2017-07-18 06:41:31.289349,171
147,Aditya,Griffin,182,51280,2015-11-18 09:40:02.932470,173
148,Satyajeet,Devin,216,46407,2015-12-05 10:47:37.538319,202
149,Abhishek,Adele,174,16240,2017-12-30 11:41:12.131914,117
150,Pradnyot,Britanni,234,73047,2016-06-22 12:00:26.795952,201
151,Himanshu_S,Palmer,108,44012,2015-04-21 20:45:23.773364,153
152,Himanshu_S,Jermaine,102,45743,2016-07-25 14:31:02.768917,331
153,Shardul,Leo,247,59743,2017-12-04 00:04:51.257693,193
154,Satyajeet,Nathan,216,46407,2019-04-20 17:45:19.558222,111
155,Himanshu_S,Damon,142,65633,2016-08-07 23:04:45.870030,63
156,Pradnyot,Melodie,237,29658,2018-12-13 17:34:27.968193,312
157,Abhishek,Germane,120,22908,2017-12-12 16:04:17.556149,72
158,Aditya,Melyssa,162,43607,2016-01-29 12:01:04.901991,329
159,Shardul,Gabriel,171,72560,2016-05-12 10:45:52.743913,153
160,Kumar,Sybil,202,55293,2015-07-16 22:12:59.848156,185
161,Yash,Christopher,174,71378,2018-03-31 05:15:44.122642,50
162,Aditya,Kyle,176,25449,2017-07-08 01:32:36.844734,195
163,Yash,Hop,241,4491,2019-04-30 06:49:36.109392,125
164,Neha ,Hedy,242,77319,2016-07-18 19:29:39.553104,223
165,Aditya,Yoshio,160,31453,2016-06-08 07:41:09.211682,219
166,Yash,Orlando,135,56425,2015-09-27 03:20:09.661131,77
167,Chetan,Iris,238,98018,2017-01-28 20:35:57.687062,171
168,Yash,Lois,106,84455,2017-05-25 17:33:55.118659,163
169,Abhishek,Rosalyn,238,99150,2017-01-09 14:34:31.192441,86
170,Yash,Zelda,132,98341,2019-03-10 02:12:31.607828,114
171,Pradnyot,Amir,174,40339,2018-12-17 12:10:04.728152,50
172,Kumar,Aurelia,169,59161,2019-12-09 18:00:16.849653,149
173,Aditya,Maryam,107,10899,2016-03-13 23:30:56.519702,79
174,Aditya,Irene,164,15368,2016-01-07 20:17:36.284031,117
175,Abhishek,Ciara,248,89537,2019-06-27 23:49:17.987290,194
176,Aditya,Cameron,119,52152,2018-08-16 10:25:29.956717,346
177,Aditya,Price,164,15368,2018-03-31 16:38:34.907543,285
178,Satyajeet,Austin,141,39334,2015-03-04 14:23:35.103800,319
179,Pradnyot,Reuben,183,10431,2018-05-07 00:05:36.033028,261
180,Himanshu,Flavia,194,882,2018-06-11 07:45:08.006781,184
181,Pradnyot,Nash,149,17504,2018-01-23 07:43:35.791856,294
182,Satyajeet,Jared,152,93809,2016-06-20 18:17:01.641169,180
183,Chetan,Bruno,141,63434,2018-12-29 23:02:56.184133,335
184,Abhishek,Stuart,193,94877,2015-06-04 09:28:29.200045,88
185,Aditya,Dahlia,170,57688,2017-08-07 13:42:25.218076,123
186,Kumar,Xena,244,54225,2019-03-25 17:24:12.235886,264
187,Pradnyot,Signe,189,69842,2015-12-24 21:58:42.003399,301
188,Abhishek,Scarlet,113,36130,2016-09-16 19:27:14.550649,210
189,Chetan,Mara,126,55552,2017-01-13 23:39:57.199637,235
190,Shardul,Colin,227,79633,2018-01-21 14:20:49.736263,143
191,Shardul,Elton,194,83128,2015-09-27 15:44:53.917665,114
192,Chetan,Ori,233,32458,2016-08-27 08:11:14.967911,285
193,Shardul,Lenore,134,17972,2016-01-26 16:01:13.728020,185
194,Chetan,Colt,235,28590,2015-11-01 02:44:31.767985,187
195,Himanshu_S,Autumn,156,59629,2017-10-14 08:43:14.843650,257
196,Satyajeet,William,205,76978,2018-05-26 05:11:24.421275,50
197,Kumar,Joshua,143,66638,2017-12-28 03:36:52.525577,58
198,Shardul,Zane,134,17972,2015-11-12 12:06:56.988234,150
199,Neha ,Vaughan,115,67302,2018-07-26 00:57:44.648645,259
200,Shardul,Kirsten,227,79633,2019-04-30 09:08:44.866364,234
201,Abhishek,Raymond,127,25853,2016-02-12 13:27:26.749436,299
202,Abhishek,Bertha,111,86332,2016-11-12 09:26:03.260320,181
203,Himanshu,Shad,146,38266,2018-07-31 01:03:26.754195,135
204,Aditya,Hollee,115,19444,2019-06-04 07:24:15.726419,269
205,Kumar,Piper,200,46343,2015-10-12 10:04:17.694309,259
206,Pradnyot,Marah,133,6823,2015-12-21 03:52:13.701796,93
207,Aditya,Karina,221,73110,2019-04-05 12:40:40.231500,257
208,Shardul,Merritt,228,96723,2016-12-07 15:51:52.760602,121
209,Yash,Hakeem,244,69906,2018-08-13 19:23:52.005859,318
210,Aditya,Allen,119,52152,2018-08-01 19:08:57.491339,88
211,Pradnyot,Burton,235,43139,2015-02-17 13:48:50.524255,52
212,Himanshu,Sage,146,38266,2018-07-12 08:42:15.239575,220
213,Shardul,Emma,196,78855,2016-05-29 01:44:11.208655,253
214,Shardul,Sydney,243,49320,2018-02-23 04:56:09.347645,220
215,Pradnyot,Colby,234,73047,2017-03-28 18:21:39.553337,237
216,Yash,Uma,205,12631,2019-03-31 02:48:11.886557,335
217,Neha ,Clarke,177,89473,2016-07-18 07:10:56.402281,294
218,Preeti,Delilah,179,30726,2019-01-22 23:27:44.246175,205
219,Kumar,Zephania,113,56361,2016-04-08 11:26:58.228356,323
220,Yash,Quon,155,32926,2017-03-20 19:04:05.526685,90
221,Aditya,Donovan,220,76656,2015-11-10 16:49:29.509776,230
222,Himanshu_S,Daniel,244,24785,2018-01-15 22:25:48.216266,51
223,Pradnyot,Dolan,101,26049,2019-07-14 09:57:04.830490,329
224,Preeti,Upton,100,36067,2019-04-03 10:08:21.576358,221
225,Himanshu,Summer,154,37862,2015-03-06 23:48:38.209144,191
226,Shardul,Fritz,205,18086,2016-11-28 09:41:50.350555,201
227,Satyajeet,Althea,185,97677,2018-12-12 07:02:37.264655,73
228,Himanshu_S,Denton,108,44012,2017-05-11 15:51:38.971335,227
229,Kumar,Ivy,183,62365,2019-03-11 23:01:18.440771,227
230,Neha ,Serina,101,61961,2019-11-14 20:24:57.987469,268
231,Satyajeet,Abel,210,18376,2019-07-22 01:35:28.395467,317
232,Yash,Vivien,138,51748,2018-02-27 22:08:51.385453,91
233,Himanshu_S,Shana,108,44012,2015-07-13 22:59:32.308033,192
234,Preeti,Kennedy,180,31390,2016-05-07 21:47:30.098463,345
235,Pradnyot,Quin,237,29658,2015-08-10 18:21:26.541585,269
236,Preeti,Sopoline,159,65165,2015-10-24 19:14:29.435361,263
237,Chetan,Abdul,223,88664,2018-02-02 20:19:48.413656,171
238,Yash,Kyra,150,46148,2017-03-09 07:14:46.946235,321
239,Satyajeet,Idona,224,3422,2019-04-12 05:07:53.494807,124
240,Aditya,Tad,118,32862,2018-08-26 05:58:58.020559,117
241,Pradnyot,Hashim,189,69842,2017-04-07 17:30:54.709218,298
242,Abhishek,Danielle,158,78046,2015-01-29 11:38:05.423528,287
243,Himanshu,Kane,177,59224,2015-06-09 06:23:45.775395,330
244,Shardul,Alisa,228,96723,2017-03-18 22:18:55.790458,292
245,Kumar,Aaron,199,96546,2015-08-06 22:55:21.368459,133
246,Himanshu,Justina,178,12227,2018-06-14 22:14:40.806813,130
247,Aditya,Griffin,201,71979,2015-09-13 21:33:12.526738,64
248,Himanshu_S,Devin,177,13295,2016-06-29 21:04:43.577467,89
249,Chetan,Adele,196,65570,2019-04-05 19:38:11.894137,189
250,Pradnyot,Britanni,170,39271,2017-01-23 13:00:12.565290,170
251,Chetan,Palmer,215,84796,2015-07-24 05:43:30.637558,179
252,Pradnyot,Jermaine,248,8959,2017-02-24 15:01:29.111141,248
253,Himanshu_S,Leo,102,45743,2019-06-11 12:09:15.036361,137
254,Aditya,Nathan,160,31453,2018-08-19 21:12:36.604359,164
255,Kumar,Damon,100,47007,2018-11-21 14:22:27.184382,332
256,Abhishek,Melodie,190,14363,2015-03-13 21:17:48.545468,153
257,Yash,Germane,205,12631,2015-10-24 05:11:01.107873,146
258,Satyajeet,Melyssa,137,37603,2015-12-21 11:26:38.272835,345
259,Shardul,Gabriel,240,29026,2015-12-22 08:52:27.552237,135
260,Preeti,Sybil,165,96950,2019-10-14 09:38:10.659868,131
261,Satyajeet,Christopher,244,93405,2019-01-14 13:47:48.607016,199
262,Kumar,Kyle,186,75588,2015-10-30 18:53:56.319494,198
263,Chetan,Hop,223,9363,2016-07-03 02:37:18.087000,208
264,Himanshu_S,Hedy,206,79519,2019-12-30 10:54:27.892367,51
265,Himanshu_S,Yoshio,164,14767,2017-01-18 06:37:12.811546,192
266,Chetan,Orlando,223,88664,2016-02-12 16:36:51.782052,310
267,Aditya,Iris,107,10899,2019-05-24 23:45:23.536180,100
268,Satyajeet,Lois,212,29721,2016-02-22 02:36:35.714181,60
269,Satyajeet,Rosalyn,240,64565,2015-12-11 03:59:35.726795,215
270,Neha ,Zelda,115,95073,2016-07-28 22:08:33.324063,331
271,Shardul,Amir,214,57493,2019-05-22 00:04:34.169246,151
272,Chetan,Aurelia,235,28590,2019-01-25 00:56:51.516161,168
273,Neha ,Maryam,101,61961,2018-10-04 14:11:34.254006,315
274,Preeti,Irene,159,65165,2015-09-29 03:49:17.348048,185
275,Yash,Ciara,241,4491,2018-03-10 21:39:21.402620,102
276,Kumar,Cameron,208,64502,2018-10-29 15:57:23.524565,150
277,Aditya,Price,151,68838,2016-01-11 23:03:28.266362,315
278,Pradnyot,Austin,159,3359,2015-11-26 19:23:40.172802,125
279,Neha ,Reuben,151,78792,2015-10-26 15:45:41.426888,74
280,Yash,Flavia,245,90864,2017-10-24 16:56:18.040123,88
281,Shardul,Nash,131,33994,2017-05-14 14:59:53.464150,345
282,Abhishek,Jared,244,33330,2019-04-12 03:06:28.016642,186
283,Shardul,Bruno,218,35466,2018-05-12 15:08:43.896777,236
284,Shardul,Stuart,243,49320,2017-07-12 20:52:56.755939,249
285,Abhishek,Dahlia,244,33330,2018-01-18 14:02:44.239114,350
286,Kumar,Xena,128,92678,2018-07-08 00:14:39.735941,184
287,Shardul,Signe,134,17972,2019-12-19 11:55:12.775860,257
288,Chetan,Scarlet,238,98018,2019-09-12 16:38:30.149903,95
289,Pradnyot,Mara,110,1223,2019-08-08 04:32:56.868575,215
290,Aditya,Colin,162,43607,2019-12-26 17:33:55.971162,164
291,Preeti,Elton,222,54484,2016-08-28 04:58:03.788699,260
292,Shardul,Ori,115,9427,2017-03-29 08:08:18.897139,293
293,Pradnyot,Lenore,234,73047,2019-12-30 11:57:31.195914,62
294,Yash,Colt,241,4491,2017-05-17 21:52:14.355718,251
295,Shardul,Autumn,112,63902,2017-08-22 20:56:07.494104,85
296,Shardul,William,131,33994,2019-11-01 05:59:36.727945,157
297,Neha ,Joshua,179,98277,2017-02-07 13:57:41.409058,305
298,Himanshu,Zane,105,7954,2017-10-30 19:45:04.218488,331
299,Himanshu_S,Vaughan,127,61765,2018-03-05 02:23:54.311999,331
300,Himanshu,Kirsten,154,37862,2018-12-05 09:07:22.018812,197
301,Kumar,Raymond,113,56361,2017-09-08 12:34:25.797263,165
302,Aditya,Bertha,176,25449,2015-04-02 06:42:37.875196,225
303,Preeti,Shad,195,5495,2019-07-06 15:57:32.094895,173
304,Himanshu_S,Hollee,168,50679,2018-01-04 14:04:11.372732,236
305,Yash,Piper,195,11158,2016-07-28 23:49:28.332996,282
306,Satyajeet,Marah,175,97014,2017-01-24 06:29:58.002517,56
307,Neha ,Karina,173,17908,2019-04-17 22:32:02.532829,181
308,Yash,Merritt,155,32926,2017-05-11 04:29:42.203491,301
309,Himanshu_S,Hakeem,139,39739,2017-04-27 23:24:45.876882,72
310,Chetan,Allen,180,94409,2015-07-09 23:26:54.519374,206
311,Pradnyot,Burton,174,60634,2015-07-19 21:51:48.780264,263
312,Neha ,Sage,229,94814,2016-04-19 00:56:50.684323,73
313,Abhishek,Emma,193,94877,2019-06-11 13:44:00.404922,187
314,Yash,Sydney,186,97273,2017-03-22 22:30:01.603020,249
315,Himanshu,Colby,232,96609,2019-01-10 06:05:08.612343,268
316,Chetan,Uma,245,46748,2018-12-21 15:40:53.477684,130
317,Kumar,Clarke,170,44207,2017-01-07 07:52:54.565374,208
318,Abhishek,Delilah,136,46811,2019-07-11 22:21:53.813323,183
319,Kumar,Zephania,199,96546,2018-04-02 12:09:52.476927,255
320,Himanshu_S,Quon,159,52816,2017-03-17 03:23:28.797527,252
321,Abhishek,Donovan,238,83387,2017-07-15 10:05:06.227576,141
322,Preeti,Daniel,133,74519,2018-08-17 02:24:44.861674,119
323,Shardul,Dolan,181,38930,2018-10-17 20:42:13.106838,285
324,Himanshu,Upton,164,14104,2018-09-02 12:18:28.061507,180
325,Pradnyot,Summer,186,83728,2019-11-09 04:46:22.621305,220
326,Chetan,Fritz,240,6159,2017-04-06 11:14:37.596767,333
327,Satyajeet,Althea,238,82319,2015-02-15 22:29:52.250806,225
328,Preeti,Denton,143,31794,2019-09-05 11:44:19.014753,170
329,Abhishek,Ivy,153,50016,2019-01-23 12:31:06.589063,65
330,Neha ,Serina,199,93341,2017-09-09 05:08:40.059338,308
331,Himanshu,Abel,167,30789,2017-01-06 01:02:12.051863,187
332,Shardul,Vivien,180,84569,2016-06-17 18:15:52.943957,134
333,Himanshu,Shana,177,59224,2015-01-07 16:58:37.235427,283
334,Preeti,Kennedy,125,36730,2017-08-04 03:00:20.057247,219
335,Himanshu,Quin,232,96609,2017-11-25 00:29:29.540486,136
336,Abhishek,Sopoline,193,94877,2015-04-12 22:01:16.210568,95
337,Abhishek,Abdul,244,33330,2019-04-19 02:49:42.295958,167
338,Pradnyot,Kyra,234,34594,2019-08-02 07:39:59.922789,322
339,Yash,Idona,210,82723,2018-11-04 19:45:41.206750,127
340,Pradnyot,Tad,235,43139,2015-05-10 06:59:15.138471,152
341,Himanshu,Hashim,154,23717,2017-09-14 01:00:12.698513,261
342,Himanshu,Danielle,248,2613,2019-08-17 14:36:53.726005,236
343,Chetan,Kane,215,84796,2017-05-02 06:38:15.839943,89
344,Aditya,Alisa,145,88469,2017-06-11 08:58:10.295589,198
345,Shardul,Aaron,180,84569,2017-04-04 04:16:52.576928,344
346,Neha ,Justina,173,17908,2015-04-23 02:27:50.174675,253
347,Kumar,Griffin,224,43544,2015-06-25 13:12:52.455063,245
348,Satyajeet,Devin,104,87660,2016-07-13 22:44:32.114148,59
349,Preeti,Adele,135,90541,2017-06-14 10:37:09.173877,243
350,Chetan,Britanni,242,70247,2018-10-21 23:04:47.168289,135
351,Neha ,Palmer,122,42475,2016-11-22 22:25:44.481784,234
352,Himanshu,Jermaine,112,94473,2016-11-29 13:48:44.211853,249
353,Shardul,Leo,206,39998,2016-02-07 14:32:02.595296,169
354,Shardul,Nathan,206,59338,2016-05-08 17:52:24.123442,313
355,Chetan,Damon,141,63434,2016-04-03 22:29:10.151754,161
356,Himanshu_S,Melodie,164,13036,2017-03-02 14:18:23.870074,287
357,Neha ,Germane,134,7227,2019-12-03 05:03:27.447554,270
358,Aditya,Melyssa,115,19444,2017-07-31 09:11:53.163463,278
359,Pradnyot,Gabriel,181,64097,2015-12-04 23:24:59.916239,79
360,Yash,Sybil,155,32926,2015-02-02 02:10:20.484299,87
361,Yash,Christopher,168,89796,2016-04-28 01:35:59.969789,166
362,Aditya,Kyle,124,2291,2019-03-14 08:43:37.458469,309
363,Neha ,Hop,247,90137,2018-03-04 20:14:39.323786,208
364,Pradnyot,Hedy,234,73047,2015-09-22 06:18:36.631243,172
365,Satyajeet,Yoshio,206,98745,2017-05-05 13:52:39.110887,208
366,Himanshu_S,Orlando,127,61765,2016-01-17 04:44:06.557609,343
367,Preeti,Iris,246,1482,2019-06-01 10:38:33.778781,119
368,Yash,Lois,135,74178,2018-12-23 08:16:39.899815,298
369,Chetan,Rosalyn,154,20045,2016-06-06 23:50:08.199001,63
370,Satyajeet,Zelda,170,94068,2019-04-02 20:37:45.494218,174
371,Pradnyot,Amir,122,73451,2015-07-16 18:22:08.883175,102
372,Himanshu,Aurelia,234,24381,2018-01-30 10:37:17.995464,73
373,Himanshu_S,Maryam,143,40403,2019-08-05 05:09:20.512458,219
374,Satyajeet,Irene,232,22244,2018-06-05 06:04:39.702909,252
375,Shardul,Ciara,237,21954,2019-08-14 09:04:24.045349,231
376,Shardul,Cameron,247,59743,2019-01-02 04:45:06.988633,133
377,Shardul,Price,136,78565,2015-08-26 16:15:23.651409,171
378,Chetan,Austin,107,90801,2018-03-04 09:38:34.036840,110
379,Chetan,Reuben,139,96141,2016-06-11 15:56:41.194216,178
380,Kumar,Flavia,170,44207,2018-04-21 21:23:12.033799,274
381,Satyajeet,Nash,175,97014,2016-12-28 16:52:47.611925,301
382,Neha ,Jared,134,38203,2019-04-12 05:14:19.217032,107
383,Chetan,Bruno,189,35258,2015-07-28 10:04:35.120298,149
384,Preeti,Stuart,223,81187,2015-06-28 17:56:25.291816,171
385,Abhishek,Dahlia,116,43202,2018-12-05 22:02:12.222039,168
386,Aditya,Xena,229,48075,2017-12-07 14:24:51.118110,256
387,Pradnyot,Signe,190,79456,2016-03-17 22:12:09.398527,264
388,Chetan,Scarlet,233,32458,2018-11-14 00:02:55.828527,62
389,Himanshu,Mara,142,78451,2015-12-11 08:46:39.942720,143
390,Shardul,Colin,237,21954,2019-04-09 14:33:58.091580,98
391,Neha ,Elton,138,44871,2017-08-20 07:17:28.674586,86
392,Kumar,Ori,224,43544,2016-03-19 16:55:19.968408,308
393,Himanshu,Lenore,224,80992,2019-09-16 11:59:36.763500,315
394,Preeti,Colt,243,34999,2017-06-14 05:04:24.926797,183
395,Abhishek,Autumn,120,22908,2015-08-18 04:53:44.514782,154
396,Pradnyot,William,212,59825,2015-09-25 23:18:42.601562,80
397,Shardul,Joshua,112,63902,2018-02-09 20:52:14.668002,255
398,Preeti,Zane,143,50616,2017-07-01 08:09:26.200041,182
399,Chetan,Vaughan,240,6159,2019-12-27 01:11:43.312181,254
400,Pradnyot,Kirsten,164,16436,2016-12-24 19:09:49.012439,345
401,Aditya,Raymond,220,76656,2018-01-13 15:22:42.500237,334
402,Pradnyot,Bertha,183,10431,2016-06-02 12:13:55.997608,226
403,Yash,Shad,148,68174,2018-09-28 17:25:42.151689,226
404,Shardul,Hollee,228,96723,2016-02-08 15:51:47.129547,62
405,Himanshu,Piper,141,4750,2017-01-29 03:30:37.470454,213
406,Preeti,Marah,214,63838,2015-07-25 05:26:25.046190,81
407,Aditya,Karina,109,80587,2016-06-23 12:52:23.944595,285
408,Satyajeet,Merritt,147,72447,2019-08-15 17:33:39.847691,330
409,Aditya,Hakeem,126,75910,2016-03-07 17:13:32.419428,274
410,Neha ,Allen,231,7632,2017-02-21 18:40:27.085124,237
411,Preeti,Burton,243,34999,2018-05-16 14:10:31.174195,290
412,Chetan,Sage,247,20708,2019-02-21 17:01:37.922783,271
413,Abhishek,Emma,125,88064,2018-05-12 14:52:46.585768,61
414,Pradnyot,Sydney,172,19640,2016-07-21 12:24:39.800315,128
415,Himanshu,Colby,241,19040,2019-01-08 14:20:19.979999,311
416,Kumar,Uma,117,71315,2015-02-09 20:58:34.389857,159
417,Aditya,Clarke,189,92741,2017-12-24 10:04:14.027952,306
418,Preeti,Delilah,160,70911,2015-10-23 19:07:57.582236,143
419,Shardul,Zephania,193,80701,2016-12-20 16:04:44.032595,123
420,Neha ,Quon,164,68774,2018-06-18 19:52:40.718217,265
421,Kumar,Donovan,163,42735,2015-01-06 08:10:37.325749,83
422,Neha ,Daniel,213,24317,2018-07-01 22:27:48.942631,83
423,Chetan,Dolan,215,84796,2015-11-22 08:20:39.581096,318
424,Abhishek,Upton,248,89537,2019-11-23 11:04:54.254035,245
425,Kumar,Summer,190,37135,2017-03-02 20:05:05.816497,194
426,Preeti,Fritz,159,65165,2019-04-06 03:16:15.747352,178
427,Kumar,Althea,127,92937,2019-12-18 11:06:01.447539,130
428,Kumar,Denton,172,818,2018-03-26 05:31:42.637416,201
429,Abhishek,Ivy,120,22908,2017-01-07 22:30:54.717988,168
430,Kumar,Serina,183,62365,2016-02-21 23:19:22.636434,253
431,Aditya,Abel,170,57688,2017-11-21 07:38:47.028386,245
432,Pradnyot,Vivien,174,60634,2015-04-19 21:00:24.199005,64
433,Neha ,Shana,201,23249,2019-07-25 00:15:31.500842,108
434,Aditya,Kennedy,115,19444,2015-02-05 02:01:10.201475,96
435,Shardul,Quin,150,35176,2016-11-02 13:49:25.609516,269
436,Preeti,Sopoline,243,34999,2018-04-27 09:20:35.622380,66
437,Pradnyot,Abdul,174,40339,2018-01-22 14:57:51.897182,254
438,Abhishek,Kyra,244,33330,2015-09-13 00:42:33.757395,350
439,Himanshu,Idona,154,23717,2017-07-05 00:35:00.648834,232
440,Preeti,Tad,168,57025,2018-05-19 19:57:21.756961,135
441,Preeti,Hashim,160,70911,2019-04-08 07:00:42.440889,347
442,Abhishek,Danielle,212,22649,2016-12-02 06:48:01.656394,268
443,Neha ,Kane,166,51684,2015-06-17 07:53:08.367964,66
444,Chetan,Alisa,235,28590,2018-09-26 06:27:59.575127,190
445,Neha ,Aaron,122,42475,2019-01-06 05:21:53.755069,282
446,Satyajeet,Justina,104,87660,2019-02-20 03:08:10.319950,87
447,Yash,Griffin,150,46148,2018-01-04 05:03:08.370184,230
448,Neha ,Devin,242,77319,2016-06-26 04:22:48.758233,218
449,Pradnyot,Adele,137,95882,2018-05-14 08:48:04.874336,305
450,Himanshu_S,Britanni,216,20108,2016-01-04 04:55:29.627439,151
451,Pradnyot,Palmer,174,60634,2015-06-20 03:26:10.712498,160
452,Satyajeet,Jermaine,205,76978,2018-02-22 22:21:31.507475,253
453,Pradnyot,Leo,156,71574,2015-09-09 23:20:19.064261,231
454,Shardul,Nathan,115,9427,2019-02-21 02:29:41.993675,162
455,Neha ,Damon,177,89473,2018-02-07 14:06:19.268135,77
456,Neha ,Melodie,165,93746,2017-04-01 03:45:53.781473,152
457,Himanshu_S,Germane,105,47475,2016-04-08 07:24:40.218405,265
458,Abhishek,Melyssa,175,69242,2015-09-26 04:06:23.249119,296
459,Kumar,Gabriel,163,42735,2017-03-05 05:22:14.194036,171
460,Shardul,Sybil,196,78855,2017-05-23 02:24:20.874087,109
461,Himanshu_S,Christopher,165,90200,2015-08-04 22:13:16.600217,170
462,Kumar,Kyle,100,47007,2016-07-11 02:38:28.615713,88
463,Yash,Hop,238,73515,2015-01-21 16:09:48.162955,267
464,Yash,Hedy,230,1950,2017-02-06 05:04:22.505347,185
465,Pradnyot,Yoshio,223,22845,2017-09-30 16:10:02.992725,226
466,Aditya,Orlando,115,19444,2017-04-13 17:04:20.268508,156
467,Kumar,Iris,159,62770,2019-02-03 21:36:24.462246,132
468,Aditya,Lois,225,87596,2017-09-14 21:01:28.020825,195
469,Satyajeet,Rosalyn,205,76978,2017-05-16 12:23:18.475201,280
470,Shardul,Zelda,104,48284,2016-07-24 11:27:02.239000,92
471,Kumar,Amir,183,62365,2018-08-19 08:45:59.190569,302
472,Yash,Aurelia,247,42134,2015-07-08 00:24:46.839799,181
473,Neha ,Maryam,165,93746,2016-05-10 10:55:51.843983,292
474,Kumar,Irene,113,56361,2017-09-07 22:32:33.713970,132
475,Himanshu_S,Ciara,244,24785,2018-03-24 13:44:03.396168,87
476,Kumar,Cameron,199,96546,2015-10-04 23:04:16.675240,231
477,Himanshu_S,Price,177,13295,2018-07-11 06:54:48.514764,248
478,Abhishek,Austin,218,77787,2015-05-16 21:08:29.606765,112
479,Yash,Reuben,210,42943,2016-03-14 17:50:36.036160,212
480,Kumar,Flavia,134,3618,2018-01-23 12:22:25.022212,94
481,Chetan,Nash,215,84796,2018-02-16 17:05:02.288329,286
482,Chetan,Jared,120,76251,2016-08-23 19:40:00.550177,270
483,Yash,Bruno,127,6886,2016-02-24 00:03:38.900070,88
484,Yash,Stuart,195,11158,2019-07-29 20:40:37.231538,83
485,Preeti,Dahlia,184,52752,2015-03-24 14:42:35.699850,292
486,Yash,Xena,238,73515,2015-03-10 22:25:09.056341,182
487,Himanshu,Signe,241,19040,2018-05-29 04:13:14.237348,146
488,Shardul,Scarlet,205,18086,2018-12-28 20:31:07.224953,144
489,Aditya,Mara,100,50212,2016-11-12 23:37:20.515879,125
490,Satyajeet,Colin,205,76978,2017-10-06 19:56:53.515650,176
491,Neha ,Elton,208,99346,2019-12-30 08:05:27.163554,145
492,Himanshu,Ori,182,85523,2019-10-22 06:50:17.779808,320
493,Abhishek,Lenore,158,78046,2019-09-23 16:29:37.895710,339
494,Shardul,Colt,247,59743,2017-12-13 08:07:38.269405,62
495,Himanshu,Autumn,198,81655,2017-03-10 11:28:26.091559,258
496,Pradnyot,William,212,59825,2015-02-03 13:12:16.420966,187
497,Shardul,Joshua,206,59338,2018-11-09 13:35:40.469230,213
498,Satyajeet,Zane,141,39334,2019-12-07 14:20:21.802049,245
499,Himanshu,Kirsten,178,12227,2019-10-21 09:06:05.987284,118
500,Himanshu,Raymond,167,30789,2015-11-30 08:13:18.141255,263
501,Aditya,Bertha,236,96205,2019-02-27 10:02:15.870295,285
502,Shardul,Shad,243,49320,2019-02-09 03:27:08.804991,245
503,Pradnyot,Hollee,149,17504,2015-05-11 22:25:11.456453,180
504,Neha ,Piper,231,7632,2017-11-21 18:32:40.881208,240
505,Kumar,Marah,115,60893,2018-02-21 22:33:20.883911,300
506,Abhishek,Karina,136,47216,2017-01-20 21:34:15.122056,62
507,Abhishek,Merritt,229,62833,2019-12-30 04:06:24.028223,65
508,Preeti,Hakeem,242,89069,2016-07-10 03:05:06.733088,126
509,Aditya,Allen,236,96205,2017-06-26 02:49:59.551572,115
510,Yash,Burton,205,12631,2018-04-19 13:35:19.143487,226
511,Neha ,Sage,199,93341,2017-10-27 15:53:46.706774,343
512,Kumar,Emma,218,91610,2018-08-25 16:52:02.487535,234
513,Pradnyot,Sydney,234,73047,2017-03-02 08:45:45.585515,55
514,Abhishek,Colby,109,25044,2015-12-03 16:31:15.337329,252
515,Himanshu,Uma,157,86591,2018-10-10 03:55:17.346352,192
516,Preeti,Clarke,179,30726,2018-01-14 14:15:05.974579,79
517,Yash,Delilah,247,42134,2018-09-18 01:18:25.313247,320
518,Pradnyot,Zephania,172,19640,2019-07-12 14:09:52.498358,149
519,Chetan,Quon,247,20708,2015-03-13 09:45:53.011344,312
520,Pradnyot,Donovan,189,69842,2019-10-02 08:28:57.785740,311
521,Preeti,Daniel,192,77724,2018-03-10 01:45:09.004806,240
522,Himanshu,Dolan,154,13699,2019-12-01 18:02:10.426437,270
523,Kumar,Upton,200,46343,2016-10-25 16:06:42.206407,203
524,Chetan,Summer,225,35662,2018-02-02 05:51:33.650729,64
525,Himanshu,Fritz,234,57088,2015-12-09 23:21:18.371604,135
526,Satyajeet,Althea,238,82319,2016-07-11 17:25:59.918040,131
527,Preeti,Denton,135,90541,2019-05-08 03:54:32.499823,114
528,Satyajeet,Ivy,180,85264,2016-11-11 08:10:05.383810,189
529,Preeti,Serina,242,40598,2015-11-21 21:17:47.047558,87
530,Himanshu,Abel,154,37862,2015-08-07 05:45:19.634603,327
531,Abhishek,Vivien,186,76315,2018-11-06 12:56:33.573335,195
532,Himanshu,Shana,182,85523,2017-05-22 19:45:59.934271,70
533,Pradnyot,Kennedy,216,1886,2015-12-13 23:42:36.625958,112
534,Aditya,Quin,162,43607,2018-07-10 02:26:59.115322,86
535,Yash,Sopoline,230,1950,2018-04-27 23:01:35.879696,303
536,Pradnyot,Abdul,110,1223,2019-08-20 09:37:43.028693,80
537,Preeti,Kyra,214,63838,2018-08-01 03:40:54.525831,117
538,Aditya,Idona,119,52152,2018-10-16 23:08:44.303300,54
539,Himanshu,Tad,120,42539,2018-12-16 12:40:44.923946,55
540,Abhishek,Hashim,231,9022,2015-10-08 07:35:54.015507,219
541,Satyajeet,Danielle,209,91268,2015-05-09 18:04:17.505298,314
542,Shardul,Kane,180,84569,2018-11-18 12:39:34.415420,349
543,Himanshu_S,Alisa,165,90200,2019-06-09 00:08:03.793188,88
544,Himanshu_S,Aaron,216,20108,2018-10-09 01:11:21.502380,261
545,Kumar,Justina,102,2550,2016-07-03 03:09:45.580524,70
546,Shardul,Griffin,115,9427,2018-11-01 00:44:52.134263,229
547,Aditya,Devin,182,51280,2019-07-13 08:34:30.079464,147
548,Himanshu_S,Adele,165,90200,2019-09-20 02:58:16.257612,282
549,Satyajeet,Britanni,123,48948,2018-12-02 16:39:24.830269,223
550,Neha ,Palmer,143,41003,2018-11-04 18:04:47.325839,92
551,Himanshu,Jermaine,146,38266,2017-12-03 01:08:57.348976,147
552,Abhishek,Leo,177,70974,2015-04-01 23:21:12.498726,65
553,Preeti,Nathan,160,70911,2016-06-16 05:22:42.648409,62
554,Shardul,Damon,112,63902,2019-11-28 06:59:07.746841,197
555,Aditya,Melodie,176,25449,2017-05-25 07:01:50.440437,198
556,Kumar,Germane,169,59161,2015-01-03 07:31:09.132738,201
557,Chetan,Melyssa,107,90801,2017-04-09 09:04:09.571692,200
558,Himanshu_S,Gabriel,244,67106,2019-03-11 18:50:35.338863,123
559,Kumar,Sybil,199,96546,2019-05-10 19:05:46.654561,110
560,Abhishek,Christopher,148,3018,2018-11-30 13:02:39.876832,202
561,Preeti,Kyle,243,34999,2017-02-05 09:59:47.121450,204
562,Shardul,Hop,194,83128,2015-10-14 21:42:09.799917,83
563,Shardul,Hedy,243,49320,2017-10-13 23:02:38.469722,100
564,Neha ,Yoshio,177,89473,2019-05-15 01:38:24.922795,74
565,Shardul,Orlando,243,49320,2015-08-25 06:26:01.854204,349
566,Neha ,Iris,151,78792,2016-05-21 09:42:26.551958,341
567,Preeti,Lois,177,80119,2019-06-02 14:04:00.076333,96
568,Abhishek,Rosalyn,177,70974,2015-03-27 03:32:13.336379,304
569,Preeti,Zelda,207,82660,2018-04-16 06:16:37.058517,348
570,Yash,Amir,113,20772,2016-04-02 22:52:38.845301,320
571,Neha ,Aurelia,173,17908,2016-03-17 04:12:14.291855,222
572,Himanshu_S,Maryam,227,10495,2017-10-18 20:02:21.736173,61
573,Yash,Irene,191,95137,2016-11-09 21:56:42.495985,178
574,Preeti,Ciara,241,81592,2015-11-01 13:41:29.648803,52
575,Abhishek,Cameron,153,50016,2019-08-06 16:22:12.185628,328
576,Pradnyot,Price,223,22845,2017-03-28 04:51:24.422897,150
577,Satyajeet,Austin,239,5154,2016-02-28 00:17:45.527082,98
578,Himanshu,Reuben,141,48543,2017-03-11 00:27:51.066107,67
579,Chetan,Flavia,241,39935,2019-07-14 16:40:03.096708,52
580,Satyajeet,Nash,244,93405,2017-04-04 19:23:45.758457,154
581,Abhishek,Jared,113,36130,2016-08-11 05:01:39.964843,251
582,Satyajeet,Bruno,141,39334,2019-08-13 02:49:23.386746,341
583,Shardul,Stuart,221,15836,2019-12-28 01:14:34.195593,101
584,Neha ,Dahlia,231,7632,2016-07-15 23:38:59.603108,348
585,Himanshu_S,Xena,108,44012,2018-06-30 18:51:56.611644,315
586,Kumar,Signe,163,42735,2016-05-23 15:16:39.924294,312
587,Himanshu_S,Scarlet,229,51084,2019-06-09 01:01:26.256206,53
588,Aditya,Mara,126,75910,2015-03-19 19:20:09.562059,249
589,Abhishek,Colin,227,2354,2018-12-06 12:15:08.276131,285
590,Aditya,Elton,225,87596,2017-03-11 19:35:57.625234,228
591,Pradnyot,Ori,234,73047,2017-04-05 07:51:14.246113,68
592,Himanshu_S,Lenore,142,65633,2017-04-04 12:54:12.345172,262
593,Himanshu_S,Colt,219,49611,2018-11-21 15:22:15.978350,235
594,Abhishek,Autumn,127,25853,2019-09-29 01:59:11.082500,182
595,Himanshu_S,William,243,10090,2018-03-07 09:53:21.243156,244
596,Chetan,Joshua,242,70247,2018-02-25 20:16:30.724777,151
597,Satyajeet,Zane,150,21840,2016-05-22 12:54:50.865165,143
598,Himanshu,Vaughan,164,14104,2018-05-14 22:21:51.570591,320
599,Kumar,Kirsten,121,23913,2018-06-26 01:50:28.538895,114
600,Himanshu,Raymond,200,70310,2017-06-12 12:38:38.899035,152
601,Yash,Bertha,230,1950,2019-05-16 12:35:54.815367,172
602,Himanshu_S,Shad,178,79924,2015-10-01 04:42:59.658052,142
603,Himanshu,Hollee,141,4750,2017-10-11 14:16:16.180961,292
604,Abhishek,Piper,207,26921,2018-02-04 03:30:55.188243,195
605,Kumar,Marah,241,33930,2019-09-12 09:33:20.096570,214
606,Himanshu,Karina,231,34398,2018-06-01 13:55:01.751864,148
607,Satyajeet,Merritt,230,5818,2016-04-12 02:31:01.546438,191
608,Shardul,Hakeem,171,72560,2018-11-05 03:18:01.366246,69
609,Preeti,Allen,218,76915,2016-05-21 18:06:08.957696,322
610,Neha ,Burton,231,75183,2019-05-19 08:00:15.695638,252
611,Himanshu,Sage,164,54288,2016-11-27 16:43:22.543365,120
612,Preeti,Emma,168,57025,2017-10-29 16:57:25.055617,326
613,Chetan,Sydney,196,65570,2017-05-30 13:34:49.679268,153
614,Pradnyot,Colby,228,80928,2019-11-25 04:21:52.281922,301
615,Abhishek,Uma,152,32262,2016-09-17 23:46:34.059886,206
616,Himanshu,Clarke,153,1286,2017-03-04 21:13:36.139398,211
617,Satyajeet,Delilah,216,46407,2019-03-02 15:53:55.580164,153
618,Himanshu_S,Zephania,177,98082,2016-12-09 06:01:28.309002,303
619,Himanshu,Quon,233,30126,2019-09-24 13:23:24.870000,176
620,Aditya,Donovan,170,57688,2016-11-13 08:40:09.087084,86
621,Pradnyot,Daniel,183,10431,2015-07-26 02:30:53.705247,317
622,Himanshu_S,Dolan,108,44012,2017-12-29 19:03:14.141718,172
623,Neha ,Upton,199,93341,2017-03-18 14:14:05.862074,97
624,Preeti,Summer,246,1482,2019-08-21 03:11:34.752351,248
625,Preeti,Fritz,222,54484,2018-02-05 01:54:49.531928,162
626,Satyajeet,Althea,239,5154,2019-03-21 08:18:20.867480,307
627,Himanshu_S,Denton,243,10090,2015-08-15 06:49:04.037059,80
628,Yash,Ivy,214,53220,2016-11-29 12:42:53.988800,195
629,Satyajeet,Serina,230,31194,2015-06-09 11:41:47.030471,58
630,Pradnyot,Abel,174,60634,2017-03-01 08:54:47.996321,346
631,Preeti,Vivien,180,31390,2018-09-04 16:11:37.715198,54
632,Himanshu_S,Shana,206,79519,2019-02-03 08:44:04.877522,259
633,Yash,Kennedy,138,51748,2017-08-07 00:59:07.953461,231
634,Kumar,Quin,127,92937,2015-12-03 02:25:18.371914,243
635,Neha ,Sopoline,164,68774,2017-02-10 21:23:57.134845,289
636,Preeti,Abdul,214,63838,2016-08-06 12:09:13.415136,136
637,Kumar,Kyra,200,8295,2017-03-08 12:11:46.946588,191
638,Neha ,Idona,229,94814,2017-03-11 09:13:36.438216,151
639,Preeti,Tad,243,34999,2015-08-20 08:34:07.590816,258
640,Satyajeet,Hashim,180,85264,2018-01-20 23:39:11.213043,305
641,Himanshu_S,Danielle,164,14767,2019-02-13 00:47:33.267514,305
642,Himanshu,Kane,241,19040,2019-04-14 10:13:10.314308,110
643,Satyajeet,Alisa,212,29721,2017-01-15 22:16:47.277508,62
644,Pradnyot,Aaron,139,4427,2017-01-11 08:17:43.415933,223
645,Preeti,Justina,241,81592,2016-06-24 21:06:24.731341,110
646,Kumar,Griffin,244,54225,2019-01-18 09:41:43.815380,173
647,Aditya,Devin,182,51280,2015-07-30 11:49:54.679152,317
648,Preeti,Adele,184,52752,2018-12-09 14:07:48.208991,272
649,Himanshu_S,Britanni,178,79924,2019-05-14 01:31:29.012651,330
650,Pradnyot,Palmer,172,19640,2016-02-13 04:10:50.609324,302
651,Pradnyot,Jermaine,234,34594,2019-07-12 18:30:40.518993,247
652,Satyajeet,Leo,113,20513,2018-03-26 10:42:58.665081,91
653,Shardul,Nathan,105,31858,2017-09-15 08:23:39.150938,235
654,Kumar,Damon,113,56361,2015-01-28 03:33:59.507998,219
655,Neha ,Melodie,205,80524,2016-10-17 11:28:40.821538,243
656,Kumar,Germane,143,6563,2019-06-06 01:11:59.920749,132
657,Himanshu,Melyssa,154,13699,2015-04-09 03:45:46.098483,64
658,Abhishek,Gabriel,177,16904,2015-06-23 01:23:15.063174,259
659,Satyajeet,Sybil,119,23312,2017-04-21 16:55:15.636863,51
660,Himanshu_S,Christopher,157,41066,2017-12-27 09:18:01.933247,350
661,Satyajeet,Kyle,210,18376,2016-08-12 16:50:49.432711,227
662,Neha ,Hop,152,7891,2016-11-15 18:21:46.442203,145
663,Aditya,Hedy,189,92741,2017-12-29 02:55:36.307097,73
664,Himanshu,Yoshio,232,96609,2018-07-20 21:15:52.372922,71
665,Himanshu,Orlando,224,80992,2019-08-19 22:20:00.649288,252
666,Pradnyot,Iris,139,4427,2017-02-10 18:50:04.239236,145
667,Aditya,Lois,193,18635,2018-01-02 10:46:54.779564,88
668,Preeti,Rosalyn,159,65165,2016-06-19 18:27:58.079488,137
669,Yash,Zelda,177,11563,2015-04-08 11:40:38.194103,237
670,Neha ,Amir,247,90137,2018-04-24 03:14:06.717963,228
671,Chetan,Aurelia,107,28185,2017-08-02 11:00:40.479094,272
672,Chetan,Maryam,241,39935,2017-01-22 11:52:12.054318,161
673,Shardul,Irene,240,29026,2018-12-25 08:09:36.824116,290
674,Himanshu,Ciara,248,2613,2016-06-06 21:09:43.183741,50
675,Himanshu_S,Cameron,168,50679,2015-03-26 21:35:16.056089,340
676,Satyajeet,Price,209,91268,2017-06-14 08:06:36.843079,133
677,Preeti,Austin,240,44612,2017-03-05 18:47:31.131986,136
678,Shardul,Reuben,180,84569,2015-05-27 14:30:23.912527,269
679,Shardul,Flavia,218,35466,2018-08-05 20:31:36.170387,307
680,Preeti,Nash,243,4023,2015-08-30 12:04:17.440861,168
681,Aditya,Jared,160,31453,2019-12-24 19:20:48.925022,258
682,Aditya,Bruno,221,73110,2019-08-16 03:02:23.509592,99
683,Chetan,Stuart,222,81996,2015-08-30 12:31:57.533103,272
684,Neha ,Dahlia,242,77319,2018-11-11 22:18:53.756187,151
685,Shardul,Xena,154,19704,2018-10-06 08:18:44.947873,312
686,Preeti,Signe,192,77724,2015-09-28 22:31:34.023845,98
687,Kumar,Scarlet,127,92937,2018-03-09 18:52:17.221357,255
688,Chetan,Mara,227,86933,2018-05-20 00:58:54.658142,176
689,Yash,Colin,155,32926,2018-05-08 10:14:36.635645,167
690,Abhishek,Elton,138,7290,2019-08-07 18:59:16.653522,164
691,Chetan,Ori,222,81996,2017-05-07 22:48:42.341289,54
692,Aditya,Lenore,124,2291,2019-09-15 12:57:31.428316,114
693,Preeti,Colt,243,34999,2016-08-20 10:49:22.892363,131
694,Shardul,Autumn,181,38930,2019-05-29 17:52:30.931868,120
695,Satyajeet,William,224,3422,2015-09-30 05:59:53.963792,161
696,Aditya,Joshua,206,36794,2019-04-04 01:07:31.152118,228
697,Kumar,Zane,209,36326,2019-11-21 07:02:47.932650,327
698,Neha ,Vaughan,151,78792,2019-06-18 01:18:52.467745,112
699,Yash,Kirsten,141,81251,2019-11-11 06:57:09.363598,81
700,Yash,Raymond,186,97273,2019-10-18 00:36:41.731784,182
701,Abhishek,Bertha,155,87400,2019-03-07 02:46:25.266085,238
702,Kumar,Shad,229,61702,2017-09-18 21:00:26.026737,72
703,Himanshu,Hollee,248,2613,2017-10-30 07:59:18.663495,229
704,Himanshu_S,Piper,177,13295,2018-10-27 09:41:15.693657,182
705,Abhishek,Marah,142,4086,2019-11-05 03:53:55.289025,95
706,Chetan,Karina,191,88001,2019-04-23 18:54:01.097377,124
707,Pradnyot,Merritt,110,1223,2017-12-20 17:57:52.531311,252
708,Satyajeet,Hakeem,224,3422,2018-10-28 04:51:09.453688,312
709,Himanshu_S,Allen,177,13295,2019-07-21 14:56:50.836055,229
710,Himanshu_S,Burton,207,99409,2016-05-01 21:32:40.798810,244
711,Aditya,Sage,180,16499,2019-12-27 19:14:14.100497,334
712,Preeti,Emma,207,82660,2018-04-04 17:21:47.377745,142
713,Pradnyot,Sydney,216,1886,2016-01-23 18:35:34.758519,261
714,Satyajeet,Colby,141,39334,2019-01-07 19:20:23.621629,248
715,Neha ,Uma,239,37798,2017-04-17 03:00:26.587598,263
716,Himanshu_S,Clarke,102,45743,2017-09-11 21:29:27.328976,289
717,Neha ,Delilah,242,77319,2015-03-24 22:23:42.537273,129
718,Abhishek,Zephania,235,53884,2017-01-07 02:53:36.884902,121
719,Satyajeet,Quon,113,20513,2018-06-09 04:21:46.505293,208
720,Yash,Donovan,212,9831,2016-07-04 20:31:41.363600,315
721,Himanshu_S,Daniel,178,79924,2018-06-15 08:18:27.833631,228
722,Neha ,Dolan,166,51684,2017-12-19 12:50:31.870836,343
723,Satyajeet,Upton,138,72042,2017-07-13 11:58:13.995677,55
724,Himanshu_S,Summer,159,52816,2016-04-23 08:06:41.235150,238
725,Aditya,Fritz,229,48075,2016-10-18 00:02:44.553032,246
726,Pradnyot,Althea,123,38867,2017-02-10 15:56:20.457350,130
727,Yash,Denton,195,11158,2017-11-21 18:12:28.246610,291
728,Himanshu_S,Ivy,205,58156,2017-04-26 01:45:53.248816,346
729,Neha ,Serina,190,94005,2018-03-18 01:24:47.345126,210
730,Chetan,Abel,242,70247,2019-12-09 18:34:14.897811,225
731,Neha ,Vivien,131,60229,2019-08-24 02:58:59.543982,97
732,Shardul,Shana,218,35466,2017-07-26 20:17:58.562031,236
733,Abhishek,Kennedy,138,7290,2016-07-27 08:50:56.162875,125
734,Abhishek,Quin,172,3682,2019-07-09 09:01:05.646706,155
735,Abhishek,Sopoline,158,78046,2019-01-31 15:06:36.606622,344
736,Satyajeet,Abdul,152,93809,2016-12-15 03:18:04.358009,304
737,Neha ,Kyra,247,90137,2019-12-17 05:40:51.421401,299
738,Pradnyot,Idona,133,6823,2017-10-16 12:19:57.478834,253
739,Himanshu_S,Tad,206,79519,2018-05-17 02:16:01.106251,240
740,Neha ,Hashim,208,99346,2015-12-27 10:21:02.467182,83
741,Pradnyot,Danielle,139,4427,2015-12-03 22:30:40.066694,240
742,Shardul,Kane,214,33703,2015-09-10 14:35:04.222313,250
743,Neha ,Alisa,105,85864,2015-11-12 00:56:46.014863,101
744,Shardul,Aaron,105,31858,2016-08-15 16:33:49.087525,201
745,Himanshu,Justina,231,34398,2016-03-01 23:05:42.574369,51
746,Satyajeet,Griffin,175,97014,2017-06-26 17:53:04.316286,251
747,Neha ,Devin,190,94005,2018-05-30 10:50:38.142827,207
748,Shardul,Adele,205,18086,2015-07-09 15:34:55.000216,58
749,Satyajeet,Britanni,113,20513,2019-06-24 20:28:14.713343,334
750,Abhishek,Palmer,186,76315,2015-09-07 16:03:23.752925,275
751,Yash,Jermaine,186,97273,2019-11-30 05:27:54.401150,105
752,Abhishek,Leo,177,70974,2018-08-28 21:27:11.116229,276
753,Himanshu,Nathan,178,12227,2015-05-29 11:13:30.744956,146
754,Shardul,Damon,237,21954,2019-03-28 19:44:55.346587,87
755,Aditya,Melodie,236,96205,2019-11-05 10:38:24.201173,245
756,Pradnyot,Germane,242,48480,2018-11-18 10:55:56.218879,188
757,Abhishek,Melyssa,177,16904,2019-01-03 11:15:44.092439,151
758,Preeti,Gabriel,207,82660,2018-01-29 21:48:54.309267,153
759,Himanshu,Sybil,129,66701,2017-01-04 03:30:09.431903,125
760,Satyajeet,Christopher,244,93405,2019-02-20 06:18:54.118470,113
761,Himanshu_S,Kyle,243,10090,2019-12-12 18:42:08.279830,130
762,Satyajeet,Hop,137,37603,2019-06-04 02:57:26.080666,238
763,Chetan,Hedy,117,82255,2019-01-30 14:55:16.148918,234
764,Neha ,Yoshio,131,60229,2016-11-03 00:32:56.603333,275
765,Kumar,Orlando,115,60893,2017-09-30 06:54:48.910450,267
766,Himanshu,Iris,188,36535,2019-04-08 12:18:54.772175,291
767,Himanshu_S,Lois,127,61765,2016-10-04 19:35:19.293075,293
768,Himanshu,Rosalyn,112,94473,2019-04-08 16:55:37.846166,170
769,Pradnyot,Zelda,223,22845,2015-11-17 07:32:49.427021,54
770,Abhishek,Amir,170,8359,2015-05-29 06:24:42.949973,204
771,Shardul,Aurelia,134,17972,2017-05-28 23:53:43.466286,162
772,Shardul,Maryam,245,88178,2019-02-25 08:14:01.702196,198
773,Pradnyot,Irene,203,84133,2017-04-06 08:40:53.110791,185
774,Aditya,Ciara,134,29253,2018-04-10 02:52:30.301635,125
775,Neha ,Cameron,134,7227,2015-06-08 13:37:01.402381,308
776,Aditya,Price,221,73110,2017-08-01 01:11:18.917005,93
777,Abhishek,Austin,104,84196,2016-12-28 12:38:29.053398,217
778,Himanshu_S,Reuben,143,40403,2017-08-16 09:18:50.079758,183
779,Satyajeet,Flavia,224,3422,2018-10-17 06:10:39.050438,292
780,Satyajeet,Nash,238,82319,2015-01-05 23:54:09.246774,192
781,Pradnyot,Jared,164,16436,2015-09-29 22:16:21.353178,232
782,Himanshu,Bruno,224,80992,2019-05-29 23:38:32.452115,176
783,Himanshu,Stuart,105,7954,2019-06-23 06:38:13.522461,79
784,Shardul,Dahlia,243,49320,2018-02-05 16:06:07.522259,302
785,Shardul,Xena,134,17972,2015-07-28 19:39:19.039807,205
786,Yash,Signe,150,46148,2018-10-17 07:54:44.566243,145
787,Himanshu_S,Scarlet,156,59629,2016-05-13 01:29:30.273560,191
788,Kumar,Mara,200,46343,2016-03-03 18:41:18.211216,211
789,Kumar,Colin,128,92678,2016-02-23 23:51:07.669426,166
790,Kumar,Elton,186,75588,2015-03-14 01:58:54.254269,265
791,Shardul,Ori,237,21954,2015-10-31 03:43:16.442341,170
792,Himanshu_S,Lenore,208,40807,2019-09-28 22:39:29.663878,62
793,Pradnyot,Colt,135,58757,2015-12-30 01:52:38.763685,148
794,Himanshu_S,Autumn,142,65633,2016-02-07 03:42:16.261797,349
795,Himanshu_S,William,151,26112,2017-07-25 06:31:35.454395,212
796,Aditya,Joshua,103,42071,2018-12-12 15:33:58.381298,156
797,Shardul,Zane,239,81769,2016-10-21 23:10:49.269217,180
798,Shardul,Vaughan,136,78565,2018-11-04 19:26:53.928740,326
799,Shardul,Kirsten,171,91787,2017-08-15 20:14:25.381144,105
800,Himanshu,Raymond,232,96609,2017-06-01 14:08:35.896886,120
801,Himanshu,Bertha,146,38266,2019-08-16 13:39:31.563371,125
802,Shardul,Shad,221,34657,2017-05-18 08:03:34.201933,57
803,Yash,Hollee,238,73515,2016-10-13 12:47:57.464067,196
804,Preeti,Piper,243,34999,2019-02-07 02:19:17.448787,291
805,Aditya,Marah,232,26517,2017-03-17 10:41:39.734762,290
806,Himanshu_S,Karina,151,26112,2019-12-14 09:57:51.932048,129
807,Himanshu,Merritt,164,54288,2016-01-28 21:38:16.433472,334
808,Yash,Hakeem,177,11563,2015-03-07 21:32:50.594313,288
809,Preeti,Allen,183,15772,2018-08-14 19:14:04.935761,103
810,Aditya,Burton,118,32862,2015-03-15 06:38:58.131449,316
811,Yash,Sage,127,6886,2016-11-07 20:11:53.285507,259
812,Himanshu,Emma,164,54288,2019-10-03 19:11:37.474815,252
813,Shardul,Sydney,112,63902,2016-05-07 14:07:36.015239,292
814,Satyajeet,Colby,180,85264,2018-03-06 14:19:38.672994,193
815,Chetan,Uma,128,68370,2015-11-22 11:45:51.207569,223
816,Shardul,Clarke,194,83128,2018-09-07 14:07:23.004325,165
817,Kumar,Delilah,215,59566,2018-08-27 17:54:59.629539,86
818,Aditya,Zephania,100,50212,2018-06-12 10:34:06.693758,259
819,Kumar,Quon,133,48884,2019-01-23 06:40:58.773297,235
820,Aditya,Donovan,124,2291,2019-11-01 12:32:32.030799,151
821,Shardul,Daniel,224,47880,2017-10-16 00:19:37.843262,347
822,Aditya,Dolan,128,64970,2019-04-03 07:30:14.599335,323
823,Yash,Upton,208,79115,2015-11-24 04:32:39.213553,50
824,Chetan,Summer,233,32458,2019-11-24 00:37:29.243078,205
825,Neha ,Fritz,166,51684,2015-04-23 12:29:08.755035,337
826,Shardul,Althea,245,88178,2015-12-12 05:03:55.681535,196
827,Yash,Denton,186,97273,2016-04-09 18:11:06.840414,239
828,Chetan,Ivy,242,70247,2018-04-08 00:00:52.849947,127
829,Preeti,Serina,180,31390,2017-05-06 08:16:55.001318,94
830,Neha ,Abel,219,53820,2018-10-16 03:23:24.830021,283
831,Himanshu_S,Vivien,222,32521,2019-11-25 01:09:52.378949,217
832,Himanshu_S,Shana,139,39739,2019-01-14 01:56:38.890690,169
833,Yash,Kennedy,180,5559,2016-03-21 09:30:49.644637,316
834,Yash,Quin,246,28249,2019-09-25 02:49:28.846728,136
835,Shardul,Sopoline,205,18086,2018-12-01 01:23:24.813024,144
836,Satyajeet,Abdul,224,3422,2019-12-19 17:38:03.252259,165
837,Aditya,Kyra,107,10899,2016-09-10 21:04:16.393801,143
838,Aditya,Idona,241,92273,2017-06-18 16:03:10.807167,178
839,Himanshu_S,Tad,164,13036,2015-02-20 16:28:17.238060,142
840,Aditya,Hashim,160,31453,2015-04-20 03:49:52.170540,93
841,Satyajeet,Danielle,100,29058,2017-07-17 16:16:10.781718,134
842,Pradnyot,Kane,151,83065,2019-03-10 13:56:43.506411,202
843,Satyajeet,Alisa,180,85264,2016-09-24 05:16:43.109357,270
844,Abhishek,Aaron,223,1545,2015-05-23 20:09:36.095774,228
845,Himanshu,Justina,200,70310,2019-04-27 15:26:22.908526,297
846,Kumar,Griffin,242,53157,2019-11-07 02:50:46.933371,202
847,Satyajeet,Devin,210,18376,2018-06-02 04:43:41.404641,229
848,Neha ,Adele,152,7891,2018-12-10 10:47:36.742247,175
849,Aditya,Britanni,103,42071,2019-09-08 09:06:52.644038,73
850,Preeti,Palmer,229,5754,2017-01-23 13:39:04.813552,212
851,Abhishek,Jermaine,143,29317,2018-04-15 01:22:29.448031,258
852,Neha ,Leo,165,93746,2018-12-05 17:30:02.700282,316
853,Chetan,Nathan,105,84392,2015-03-10 20:59:44.235432,308
854,Neha ,Damon,109,91205,2018-01-22 19:35:11.853830,236
855,Satyajeet,Melodie,216,46407,2015-04-26 08:01:29.174999,174
856,Himanshu,Germane,154,23717,2015-12-17 22:59:32.260927,271
857,Kumar,Melyssa,229,61702,2015-02-24 18:51:49.712744,196
858,Preeti,Gabriel,243,34999,2017-01-24 09:18:12.263851,232
859,Preeti,Sybil,168,57025,2018-01-01 15:52:10.796094,342
860,Neha ,Christopher,184,68111,2017-10-03 13:53:43.557570,266
861,Abhishek,Kyle,155,87400,2017-01-27 09:20:27.489693,195
862,Abhishek,Hop,125,88064,2019-10-07 18:59:39.715639,124
863,Chetan,Hedy,227,86933,2015-04-03 06:33:19.240984,201
864,Satyajeet,Yoshio,113,20513,2017-11-17 07:07:31.242425,246
865,Chetan,Orlando,167,58497,2015-10-17 12:01:59.452639,206
866,Shardul,Iris,245,88178,2017-02-10 02:52:55.201285,132
867,Himanshu_S,Lois,181,45080,2017-12-05 10:24:30.162111,188
868,Aditya,Rosalyn,201,71979,2017-03-17 09:13:31.191344,184
869,Yash,Zelda,150,46148,2016-08-06 06:16:47.842369,60
870,Pradnyot,Amir,200,97614,2015-03-04 08:52:27.930654,170
871,Himanshu_S,Aurelia,164,14767,2018-11-22 05:28:46.711901,293
872,Aditya,Maryam,176,25449,2015-11-06 02:47:54.074162,258
873,Pradnyot,Irene,137,95882,2016-09-13 12:59:31.272224,69
874,Preeti,Ciara,168,57025,2015-10-06 19:14:24.213570,54
875,Himanshu_S,Cameron,234,90605,2015-10-02 21:38:01.217147,232
876,Preeti,Price,242,40598,2019-06-27 15:32:47.970308,293
877,Satyajeet,Austin,180,85264,2015-11-18 12:33:28.232254,295
878,Kumar,Reuben,215,59566,2016-04-15 08:57:41.522175,264
879,Yash,Flavia,155,32926,2015-06-17 07:15:22.881337,182
880,Preeti,Nash,147,70506,2019-10-14 12:04:15.693574,68
881,Neha ,Jared,105,85864,2015-08-14 16:17:59.950549,271
882,Aditya,Bruno,118,32862,2015-03-08 23:15:32.928054,139
883,Kumar,Stuart,113,56361,2017-05-18 19:46:42.992863,265
884,Satyajeet,Dahlia,100,37198,2017-02-19 16:19:46.339512,109
885,Shardul,Xena,165,71751,2015-10-21 16:29:55.669406,58
886,Chetan,Signe,189,35258,2019-01-07 19:53:47.213845,79
887,Kumar,Scarlet,169,59161,2019-07-22 04:24:28.803604,323
888,Preeti,Mara,180,31390,2016-12-09 18:26:54.229948,117
889,Abhishek,Colin,231,218,2019-05-25 15:27:50.025254,215
890,Neha ,Elton,190,94005,2018-01-29 14:32:20.297726,207
891,Himanshu_S,Ori,218,89132,2017-02-08 02:21:39.338370,91
892,Yash,Lenore,189,55356,2018-05-04 09:10:40.194462,213
893,Pradnyot,Colt,235,43139,2016-01-09 20:15:43.614169,169
894,Kumar,Autumn,102,2550,2017-06-09 12:06:48.091397,97
895,Yash,William,210,42943,2015-12-21 08:00:36.905035,151
896,Abhishek,Joshua,227,2354,2016-11-23 03:54:42.985687,101
897,Chetan,Zane,169,13231,2019-10-21 09:45:48.328118,310
898,Abhishek,Vaughan,235,53884,2018-12-29 15:56:52.983793,298
899,Yash,Kirsten,135,74178,2015-06-13 13:17:22.915708,91
900,Yash,Raymond,168,89796,2016-12-03 15:17:49.264372,333
901,Himanshu_S,Bertha,239,66038,2018-06-26 06:11:59.332390,289
902,Abhishek,Shad,138,7290,2019-08-26 04:39:05.240216,278
903,Yash,Hollee,148,68174,2017-05-15 20:52:20.507943,322
904,Satyajeet,Piper,219,11968,2018-10-31 11:50:45.644405,240
905,Preeti,Marah,159,65165,2016-05-14 17:21:05.796556,246
906,Pradnyot,Karina,237,29658,2016-03-24 17:19:52.332531,261
907,Yash,Merritt,247,42134,2018-03-03 01:50:12.600624,177
908,Aditya,Hakeem,206,36794,2017-07-29 00:23:59.159151,209
909,Aditya,Allen,109,80587,2017-10-08 06:50:57.467542,246
910,Yash,Burton,138,51748,2018-01-19 21:21:03.524116,63
911,Pradnyot,Sage,228,80928,2019-09-23 16:38:06.154268,287
912,Yash,Emma,216,91932,2017-05-02 12:19:48.270819,219
913,Pradnyot,Sydney,159,3359,2017-10-02 05:32:41.912717,342
914,Shardul,Colby,239,81769,2015-05-11 21:13:44.450569,274
915,Pradnyot,Uma,203,84133,2018-02-11 23:12:00.304108,51
916,Kumar,Clarke,115,60893,2019-03-26 11:55:22.053417,317
917,Himanshu,Delilah,230,41875,2016-08-11 08:08:33.044836,133
918,Himanshu,Zephania,129,66701,2016-11-15 03:27:13.748139,51
919,Himanshu_S,Quon,244,67106,2017-07-26 15:11:32.698038,79
920,Himanshu_S,Donovan,181,45080,2015-03-29 17:20:26.703601,178
921,Yash,Daniel,212,9831,2016-03-30 22:13:35.371797,227
922,Yash,Dolan,229,15431,2017-12-16 06:48:41.146937,158
923,Pradnyot,Upton,200,97614,2016-08-09 11:58:31.856423,334
924,Neha ,Summer,164,68774,2017-06-09 11:49:43.415570,331
925,Satyajeet,Fritz,147,77383,2016-08-17 18:30:22.564658,67
926,Shardul,Althea,181,38930,2018-06-24 23:22:07.200653,298
927,Neha ,Denton,239,37798,2018-07-12 23:57:11.959964,205
928,Chetan,Ivy,191,88001,2018-01-09 08:03:17.129687,116
929,Kumar,Serina,244,54225,2019-11-24 03:00:03.448411,254
930,Himanshu_S,Abel,234,90605,2017-09-29 20:22:55.390271,132
931,Neha ,Vivien,227,79051,2016-06-04 00:52:15.259192,129
932,Neha ,Shana,109,91205,2016-12-19 07:23:22.494680,57
933,Chetan,Kennedy,233,22181,2015-09-17 04:51:54.578693,172
934,Himanshu_S,Quin,142,65633,2018-05-19 08:27:30.112530,174
935,Shardul,Sopoline,104,48284,2017-09-03 17:17:59.541584,94
936,Yash,Abdul,135,74178,2019-04-15 17:34:43.760210,147
937,Satyajeet,Kyra,142,17567,2018-07-03 11:12:41.819857,234
938,Himanshu,Idona,131,92337,2016-06-15 06:04:14.487034,280
939,Aditya,Tad,214,38671,2018-05-09 23:12:58.296419,84
940,Aditya,Hashim,160,31453,2019-08-03 09:43:24.461175,138
941,Chetan,Danielle,215,84796,2016-10-04 03:15:45.729845,314
942,Chetan,Kane,120,76251,2018-07-14 07:52:42.807255,343
943,Shardul,Alisa,181,38930,2018-07-15 15:23:03.832134,204
944,Preeti,Aaron,189,43803,2019-05-12 16:43:02.151123,97
945,Himanshu,Justina,224,80992,2016-09-19 00:02:26.246570,336
946,Aditya,Griffin,193,18635,2015-02-13 06:02:02.788355,177
947,Satyajeet,Devin,152,93809,2015-08-16 01:53:45.111944,200
948,Satyajeet,Adele,138,72042,2018-05-18 17:53:55.728905,63
949,Kumar,Britanni,100,47007,2018-04-12 03:05:48.604835,145
950,Kumar,Palmer,170,44207,2016-02-12 02:39:25.563277,330
951,Yash,Jermaine,210,82723,2015-11-22 17:30:24.512681,295
952,Himanshu,Leo,194,882,2016-12-11 15:54:50.533355,100
953,Abhishek,Nathan,175,60697,2018-06-22 06:48:25.299495,115
954,Himanshu,Damon,164,14104,2016-10-01 17:51:18.376905,157
955,Satyajeet,Melodie,205,76978,2016-04-01 07:20:39.898487,233
956,Shardul,Germane,218,35466,2015-07-02 08:46:14.866912,216
957,Preeti,Melyssa,165,96950,2019-02-08 08:00:20.162525,70
958,Neha ,Gabriel,152,7891,2018-11-22 22:57:26.954630,110
959,Yash,Sybil,245,90864,2018-09-16 04:20:11.639841,328
960,Yash,Christopher,155,32926,2016-12-04 08:44:17.872266,172
961,Himanshu_S,Kyle,108,44012,2017-02-02 19:07:49.231994,120
962,Himanshu,Hop,154,13699,2015-04-18 20:44:51.900716,323
963,Neha ,Hedy,122,42475,2018-06-02 02:48:20.231733,199
964,Neha ,Yoshio,115,95073,2017-05-10 13:46:39.503215,327
965,Himanshu,Orlando,188,36535,2019-08-17 12:21:01.650624,261
966,Abhishek,Iris,235,53884,2016-05-18 00:49:49.367252,256
967,Chetan,Lois,233,22181,2019-03-07 10:07:08.272374,284
968,Himanshu,Rosalyn,147,83792,2016-06-22 01:12:59.509044,333
969,Chetan,Zelda,235,28590,2019-01-20 19:40:49.728646,309
970,Pradnyot,Amir,190,79456,2017-01-08 20:57:21.038790,343
971,Pradnyot,Aurelia,123,38867,2019-07-24 22:50:40.552818,274
972,Pradnyot,Maryam,134,97209,2015-01-26 23:45:09.910418,276
973,Kumar,Irene,190,37135,2016-05-01 18:46:51.017164,345
974,Himanshu_S,Ciara,244,67106,2019-06-28 06:37:09.881936,153
975,Yash,Cameron,229,15431,2018-08-04 23:40:45.838866,103
976,Aditya,Price,124,2291,2019-05-14 22:44:52.775481,273
977,Pradnyot,Austin,203,84133,2018-03-09 05:05:38.346669,334
978,Himanshu,Reuben,167,30789,2015-10-27 15:37:35.597828,310
979,Neha ,Flavia,152,7891,2015-11-16 17:41:45.933591,151
980,Pradnyot,Nash,164,16436,2016-06-07 01:35:31.184222,74
981,Shardul,Jared,154,19704,2015-10-04 08:41:54.248804,172
982,Shardul,Bruno,199,89910,2016-11-11 20:23:43.223866,182
983,Abhishek,Stuart,177,70974,2018-03-20 07:55:40.978431,202
984,Aditya,Dahlia,206,36794,2016-08-16 06:00:15.614231,342
985,Preeti,Xena,243,34999,2015-03-27 18:00:14.058341,309
986,Aditya,Signe,201,71979,2017-06-24 05:36:44.133629,333
987,Shardul,Scarlet,181,38930,2016-02-20 04:20:22.584056,93
988,Shardul,Mara,131,33994,2017-10-02 11:54:58.950542,322
989,Yash,Colin,189,55356,2017-12-09 17:06:22.665268,176
990,Neha ,Elton,173,17908,2019-02-07 21:14:24.416884,281
991,Himanshu_S,Ori,177,13295,2016-03-27 04:05:40.537297,168
992,Abhishek,Lenore,193,94877,2016-08-03 02:52:39.701547,62
993,Abhishek,Colt,125,84860,2017-01-22 18:36:40.564845,158
994,Satyajeet,Autumn,180,85264,2019-03-28 07:16:47.794033,252
995,Chetan,William,233,32458,2019-04-06 18:54:00.299765,176
996,Yash,Joshua,150,46148,2019-02-25 04:56:57.163653,188
997,Shardul,Zane,199,89910,2019-10-09 18:39:00.857859,237
998,Abhishek,Aditya,174,16240,2017-02-06 03:01:35.940916,265
999,Abhishek,Avni,190,14363,2019-09-29 22:46:50.461791,219
